{"cameraMode":{"drawMode":0,"name":"Shaded","section":"Shading Mode"},"sceneLighting":true,"audioPlay":false,"sceneViewState":{"m_AlwaysRefresh":false,"showFog":true,"showSkybox":true,"showFlares":true,"showImageEffects":true,"showParticleSystems":true,"showVisualEffectGraphs":true,"m_FxEnabled":false},"in2DMode":false,"pivot":{"x":-0.7364317178726196,"y":0.3881480395793915,"z":-0.19322800636291505},"rotation":{"x":0.08412989974021912,"y":0.8850306272506714,"z":-0.17618174850940705,"w":0.42261698842048647},"size":0.8660253882408142,"orthographic":false}