{"cameraMode":{"drawMode":1,"name":"Wireframe","section":"Shading Mode"},"sceneLighting":false,"audioPlay":false,"sceneViewState":{"m_AlwaysRefresh":false,"showFog":true,"showSkybox":false,"showFlares":true,"showImageEffects":true,"showParticleSystems":true,"showVisualEffectGraphs":true,"m_FxEnabled":false},"in2DMode":false,"pivot":{"x":0.480010986328125,"y":0.005139647983014584,"z":0.857547402381897},"rotation":{"x":0.06840969622135163,"y":0.9308667778968811,"z":-0.27211254835128786,"w":0.23402035236358643},"size":0.49706268310546877,"orthographic":false}